input,output_expected,generated_text
"Product Description: Retail Media Network
Location: US
Industry: Advertising
Target Audience: Brands
Audience Stage of Awareness: Unaware
Objective: Provide information about retail media networks and how it benefits brands looking to get closer to their customers
Primary Keywords: retail, first party data, customer journey, relevant
Tone: Informative
Content Type: Regular Article
","Retail Media Networks: A Guide for Brands
Understanding Retail Media Networks
What is a Retail Media Network?
A retail media network (RMN) is a digital advertising platform that allows brands to place ads on a retailer's website or app. This can be a great way for brands to reach new customers and drive sales, as RMNs offer a number of benefits over traditional advertising channels.
How Does a Retail Media Network Work?
RMNs work by allowing brands to bid on ad space on a retailer's website or app. When a shopper searches for a product or category, the RMN will display ads from the highest bidder. These ads can be in the form of text, images, or videos, and they can be targeted to specific shoppers based on their demographics, interests, and purchase history.
The Benefits of Retail Media Networks for Brands
There are a number of benefits to using RMNs for brands, including:
Reaching a Wider Audience
RMNs can help brands reach a wider audience by placing their ads in front of shoppers who are already interested in their products. This is because RMNs are integrated into the shopping experience, so shoppers are more likely to see ads for products that they are actually interested in.
Access to First-Party Data
RMNs give brands access to first-party data, which is data that is collected directly from shoppers. This data can be used to track customer behavior, identify trends, and personalize the shopping experience. This information can be invaluable for brands looking to improve their marketing campaigns and reach their target audience more effectively.
Personalizing the Customer Journey
RMNs can be used to personalize the customer journey by delivering targeted ads and offers to shoppers. This can help to improve the shopping experience and increase the likelihood of a purchase. For example, a brand could use an RMN to target shoppers who have viewed a product but not purchased it with a special offer or discount.
Getting Started with Retail Media Networks
If you're a brand that's interested in getting started with RMNs, there are a few things you need to do:
1. Choose the right RMN. There are a number of different RMNs available, so it's important to choose one that is right for your brand. Consider the size of the RMN, the types of ads that it offers, and the cost.
2. Create your ad campaign. Once you've chosen an RMN, you need to create your ad campaign. This includes setting your budget, targeting your audience, and creating your ad creative.
3. Monitor your campaign. Once your campaign is up and running, it's important to monitor it closely. This will help you to track your progress and make adjustments as needed.
RMNs can be a great way for brands to reach new customers and drive sales. By following these tips, you can get started with RMNs and start seeing results.","Here is the content generated based on the approved outline:

Title: Unlocking the Power of Retail Media Networks for Brands

I. Introduction
Retail media networks are quickly becoming an essential part of the modern advertising landscape. These platforms leverage the first-party customer data and digital touchpoints of major retailers to enable brands to reach highly targeted, engaged audiences. As consumer attention and shopping behaviors continue to shift online, retail media offers a powerful way for brands to get closer to their customers and drive measurable business results.

II. The Rise of Retail Media Networks
The growth of retail media networks is closely tied to the broader shift towards customer-centric, data-driven marketing. Brands are placing increasing emphasis on leveraging first-party customer data to deliver more personalized, relevant experiences. Retail media networks provide a unique opportunity to tap into rich customer insights and engagement touchpoints that were previously inaccessible.

By integrating their customer data, digital properties, and media inventory, leading retailers have built formidable advertising platforms that enable brands to precisely target, engage, and convert shoppers along the entire customer journey. This level of visibility and control over the path to purchase is a game-changer for brands looking to maximize the impact of their marketing investments.

III. Key Benefits for Brands
The rise of retail media networks unlocks several key benefits for brands:

A. Deeper Customer Insights and Personalization
Retail media platforms provide brands with unprecedented access to first-party customer data, including browsing behavior, purchase history, and demographic information. Leveraging these insights, brands can develop highly personalized ad experiences that resonate with individual shoppers.

B. Improved Targeting and Ad Relevance
By tapping into the retailer's customer data and digital touchpoints, brands can deliver ads that are hyper-targeted and contextually relevant. This leads to higher engagement, conversion rates, and return on ad spend.

C. Enhanced Customer Experience and Loyalty
When done right, retail media can enhance the overall customer experience by serving up ads and offers that are genuinely useful and aligned with the shopper's interests. This can drive increased brand affinity, loyalty, and lifetime value.

IV. Building a Retail Media Strategy
To unlock the full potential of retail media, brands should take a strategic, multi-faceted approach:

A. Identifying the Right Retail Partners
Not all retail media networks are created equal. Brands should carefully evaluate potential partners based on factors like customer demographics, digital footprint, and alignment with their target audience.

B. Integrating Retail Data into Marketing Campaigns
Seamlessly integrating retail data and insights into broader marketing campaigns is crucial for driving maximum impact. Brands should work closely with retail media partners to ensure a cohesive, omnichannel customer experience.

C. Measuring and Optimizing Performance
Retail media offers robust measurement and attribution capabilities. Brands should leverage these tools to continuously optimize their campaigns, identify high-performing strategies, and make data-driven decisions.

V. Conclusion
As the advertising landscape continues to evolve, retail media networks are poised to play an increasingly vital role for brands. By tapping into the power of first-party customer data and digital touchpoints, brands can deliver more personalized, relevant experiences that drive measurable business results. Forward-thinking brands that embrace retail media as a core part of their marketing strategy will be well-positioned to thrive in the years to come."
"Product Description: BrandX Soup
Location: US
Industry: Food
Target Audience: Soup lovers
Audience Stage of Awareness: Product Aware
Objective: List out fun facts about soup including etiquette and how to serve different types of soup
Primary Keywords: soup, fun facts, equiquette
Tone: passionate, inspiring, conversational, familial
Content Type: Regular Article
","Fun Facts About Soup: Etiquette and Serving Tips
Soup, a culinary delight enjoyed by cultures worldwide, is more than just a meal; it's an experience steeped in tradition and etiquette. Join BrandX Soup on a delightful journey as we explore some fascinating facts about soup, including etiquette tips and serving suggestions that will elevate your soup-eating experience.
Soup Etiquette Around the World
Soup etiquette varies across cultures, adding a unique charm to this universal dish. Let's explore some interesting soup etiquette practices from around the world:
Slurping Soup in Japan
In Japan, slurping soup is considered a sign of appreciation for the chef's culinary skills. The slurping sound indicates that the soup is delicious and satisfying. So, if you're in Japan, don't be shy about slurping your soup; it's a way of showing your appreciation!
The Proper Way to Hold a Soup Spoon
Holding a soup spoon correctly is an essential part of soup etiquette. Here's how to do it:
1.  Hold the spoon in your right hand, with the bowl of the spoon facing upwards.
2.  Scoop the soup away from you, not towards you.
3.  Take small, quiet sips, avoiding loud slurping noises.
How to Serve Different Types of Soup
Serving soup is an art that enhances the dining experience. Here are some tips for serving different types of soup:
Serving Clear Soups
Clear soups, such as consommé or broth, should be served in clear glass bowls or cups. This allows the beautiful color and clarity of the soup to shine through. Add a touch of elegance by garnishing with finely chopped herbs or a twist of lemon.
Serving Thick Soups
Thick soups, such as chowder or stew, should be served in bowls that can hold their hearty consistency. Choose bowls with a wide rim to make it easier to eat. Consider adding crusty bread or crackers on the side for dipping.
Serving Cold Soups
Cold soups, such as gazpacho or vichyssoise, should be served chilled in bowls or cups. Garnish with refreshing ingredients like diced cucumber, chopped tomatoes, or a dollop of sour cream to enhance the flavors.
Fun Facts About Soup
* Did you know these fascinating facts about soup?
* The word ""soup"" comes from the Old French word ""soupe,"" which means ""to sip.""
* The oldest known soup recipe dates back to 2000 BC and was found in a Babylonian tablet.
* The most popular soup in the world is chicken noodle soup.
* Soup is the national dish of France, and the French consume an average of 26 gallons of soup per person each year.
* The Guinness World Record for the largest bowl of soup was set in 2015 in India, with a bowl of soup weighing over 10,000 pounds.
* Soup, a culinary delight that brings people together, is more than just a meal; it's an experience to be savored and enjoyed. With BrandX Soup, you can explore a world of flavors and embrace the joy of soup in every sip.","Here is the 500 word article based on the approved outline:

The Joyful World of Soup

Soup is one of life's simple pleasures - a warm, comforting bowl that nourishes both body and soul. Whether it's a classic chicken noodle, a hearty chowder, or an elegant consommé, soup has a special way of bringing people together and lifting the spirits. 

Soup's origins date back thousands of years, with evidence of early soup-like dishes found in many ancient civilizations. The word ""soup"" itself comes from the French ""soupe,"" which evolved from the Latin ""suppa,"" meaning bread soaked in broth. Over the centuries, soup recipes have evolved and spread across cultures, yielding an incredible diversity of flavors and preparations.

One of the most delightful aspects of soup is its sheer variety. While chicken noodle and tomato may be classic American staples, the soup world extends far beyond these familiar favorites. In Asia, you'll find nourishing broths like Vietnamese pho and Chinese hot and sour soup. Latin American cuisines offer vibrant, vegetable-packed soups like Mexican pozole and Ecuadorian locro de papas. Even the Scots have their savory national soup, the oat-based Scotch broth. No matter your cultural background or flavor preferences, there's a soup out there to warm your heart.

Beyond their delicious taste, soups also offer impressive health benefits. Many varieties are packed with vitamins, minerals, and antioxidants from their vegetable and protein-rich ingredients. The broth itself can aid digestion, boost immunity, and even soothe the soul. No wonder soup is often prescribed as a remedy for everything from the common cold to a broken heart.

Of course, enjoying soup to the fullest requires a bit of etiquette. When eating a thick, chunky soup like chowder or stew, it's acceptable to use a spoon to bring the solids to your mouth. For thinner broths, however, it's best to sip directly from the bowl. Slurping is actually encouraged, as it helps you fully experience the soup's flavors and aromas. And whatever you do, don't double-dip your spoon back into the shared bowl!

When serving soup, presentation is key. For hot soups, ladle the steaming broth into warmed bowls and finish with any desired garnishes like croutons, herbs, or a swirl of cream. Cold soups like gazpacho or vichyssoise should be thoroughly chilled before serving, perhaps alongside crisp bread or savory crackers. No matter the temperature, the goal is to make each bowl look as appetizing as it tastes.

Whether it's a simple weeknight supper or the start of an elegant multi-course meal, soup has a special way of nourishing and delighting. So the next time you need a comforting pick-me-up or want to bring loved ones together, reach for a bowl of soup and savor the joyful world it has to offer."
"Product Description: Creative, comfortable fashions for fall 
Objective: highlight exciting new collaborations with designers who are putting a spin on your favorite fall pieces by the brand you all know and love
Primary Keywords: trendy, fall fashion, comfortable
Location: US
Target Audience: Millenials
Audience Stage of Awareness: Unaware
Content Type: Regular Article
","Fall Fashion Trends: Stay Trendy and Comfortable This Season
As the leaves start to change color and the air turns crisp, it's time to start thinking about your fall wardrobe. This season, we're all about staying trendy and comfortable, with a focus on unique designs and high-quality materials. Whether you're looking for a fresh take on your favorite fall pieces or you're ready to discover something new, we've got you covered.
Introducing Our Exciting New Collaborations
We're thrilled to announce that we've teamed up with some of the most talented designers in the industry to bring you a fall collection that is truly one-of-a-kind. From bold prints and statement pieces to cozy knits and layering essentials, our new arrivals have everything you need to stay stylish and comfortable all season long.
A Fresh Take on Your Favorite Fall Pieces
This season, we're putting a fresh spin on your favorite fall pieces. Expect to see unexpected color combinations, unique silhouettes, and playful details that will take your wardrobe to the next level. Whether you're looking for a new coat to keep you warm or a pair of boots to add a touch of edge to your outfit, we've got something for everyone.
Discover Unique Designs from Talented Designers
We're proud to showcase the work of some of the most talented designers in the industry. Each piece in our fall collection has been carefully crafted with attention to detail and a commitment to quality. When you shop with us, you can be sure that you're getting a unique and stylish piece that will turn heads wherever you go.
Why You'll Love Our Fall Collection
There are so many reasons why you'll love our fall collection. Here are just a few:
Creative and Comfortable Styles for Every Occasion
Our fall collection features a wide range of styles, from casual and relaxed to dressy and sophisticated. Whether you're looking for something to wear to work, a night out, or a weekend brunch, we've got you covered. And because we know that comfort is key, all of our pieces are made with high-quality materials that feel great against your skin.
High-Quality Materials for Long-Lasting Wear
We believe in investing in quality pieces that will last. That's why we use only the finest materials in our fall collection. From soft and cozy knits to durable denim and luxurious leather, you can be sure that our pieces will stand the test of time.
Affordable Prices for Fashion-Forward Individuals
We believe that everyone deserves to look and feel their best, regardless of their budget. That's why we offer our fall collection at affordable prices. So you can stock up on your favorite pieces without breaking the bank.
Shop Now and Get Ready for Fall
Don't miss out on our exciting new fall collection! Shop now and get ready to turn heads all season long.","Introducing the Freshest Faces of Fall: Collaborations That Elevate Your Favorite Looks

As the leaves begin to turn and the air grows crisp, the [Brand Name] team is thrilled to unveil our most exciting fall lineup yet. This season, we've partnered with two of the industry's most innovative designers to put a fresh spin on our beloved autumn essentials. Get ready to fall in love all over again with these limited-edition collections that blend our signature comfort and style with bold new perspectives.

First up, we're proud to collaborate with the incomparable [Designer X]. Known for their modern, minimalist aesthetic, [Designer X] has crafted a capsule that reimagines our classic fall staples. Expect to see their signature clean lines and unexpected details woven throughout familiar silhouettes, like the best-selling [Product A] and the fan-favorite [Product B]. The result is a collection that feels both familiar and refreshingly new, perfect for the style-conscious consumer who craves something beyond the basic.

But that's not all - we've also joined forces with the dynamic [Designer Y], whose vibrant, playful approach is sure to breathe new life into your autumn wardrobe. Blending their whimsical sensibilities with our commitment to comfort, this collection features pieces that are as stylish as they are wearable. Highlights include the [Product C], which showcases [Designer Y]'s signature prints in a flattering, figure-skimming silhouette, and the [Product D], a cozy-yet-chic layering essential that will have you counting down the days until the temperature drops.

These collaborations represent [Brand Name]'s unwavering dedication to innovation and our passion for elevating the everyday. By tapping into the unique visions of these talented designers, we're offering our customers access to fresh perspectives and elevated takes on the pieces they know and love. Whether you're drawn to the minimalist elegance of [Designer X] or the vibrant flair of [Designer Y], there's something for every style sensibility in this fall's limited-edition collections.

So, what are you waiting for? Dive into the season's most exciting new arrivals and discover how [Brand Name] is redefining fall fashion, one collaboration at a time. Shop now before these coveted capsules sell out!"
"Product Description: Renters insurance
Location: New York
Industry: Insurance
Target Audience: non-members, young adult
Audience Stage of Awareness: Problem Aware
Objective: Educate young adults in New York City of the importance of protecting their apartments from unexpected events
Primary Keywords: city, protect, peace of mind
Tone: trustworthy, helpful, informative
Content Type: Regular Article
","Renters Insurance: Protecting Your New York City Apartment
Why Renters Insurance is Important for Young Adults in New York City
As a young adult living in New York City, you may think that you don't need renters insurance. After all, you're probably just starting out and don't have a lot of valuable possessions. However, even if you don't have a lot of stuff, renters insurance is still important. In fact, it's especially important for young adults living in a city like New York City.
Understanding the Risks of Living in a City
There are a number of risks that come with living in a city, including:
* Theft: New York City has one of the highest crime rates in the country. This means that you're more likely to have your belongings stolen if you live in the city.
* Fire: Fires are also a common occurrence in New York City. In fact, there were over 20,000 fires in the city in 2019.
* Water damage: Water damage is another major risk for New York City residents. This is due to the city's aging infrastructure and the fact that it is located on the coast.
Common Causes of Property Damage in NYC Apartments
In addition to the risks listed above, there are a number of other common causes of property damage in NYC apartments, including:
* Negligence: This is the most common cause of property damage in NYC apartments. Negligence can include things like leaving a candle unattended or failing to properly maintain your apartment.
* Acts of nature: Acts of nature, such as hurricanes and earthquakes, can also cause significant property damage.
* Vandalism: Vandalism is another common problem in NYC. This can include things like graffiti, broken windows, and stolen property.
What Renters Insurance Covers
Renters insurance can help protect you from the financial losses that can result from these risks. Renters insurance typically covers the following:
Personal Property Coverage
Personal property coverage protects your belongings from damage or theft. This includes furniture, electronics, clothing, and jewelry.
Liability Coverage
Liability coverage protects you from lawsuits if someone is injured in your apartment or if you damage someone else's property.
Additional Living Expenses Coverage
Additional living expenses coverage pays for your living expenses if you're forced to move out of your apartment due to a covered loss.
How to Choose the Right Renters Insurance Policy
When choosing a renters insurance policy, there are a few things you need to consider:
* The amount of coverage you need: The amount of coverage you need will depend on the value of your belongings and your liability risk.
* The deductible: The deductible is the amount you'll have to pay out of pocket before your insurance coverage kicks in.
* The cost of the policy: The cost of renters insurance will vary depending on the amount of coverage you need and the deductible you choose.
It's important to compare quotes from multiple insurance companies before choosing a policy. You can also talk to an insurance agent to help you find the right policy for your needs.
Renters insurance is an important way to protect your belongings and your finances. If you're a young adult living in New York City, you should consider getting renters insurance today.","Here is the 600-800 word article on the importance of renters insurance for young adults living in New York City:

Title: Protect Your NYC Apartment with Renters Insurance

Introduction
Renting an apartment in New York City comes with its fair share of unique risks and challenges. From the constant threat of theft and burglary to the ever-present danger of fire and water damage, city dwellers face a whole host of unexpected perils that can wreak havoc on their personal belongings and financial well-being. That's why having the right renters insurance policy is so crucial for young adults looking to safeguard their homes and gain valuable peace of mind.

Understanding Renters Insurance
At its core, renters insurance is designed to provide financial protection for the personal property inside your rented apartment or home. This includes coverage for items like furniture, electronics, clothing, and other valuables in the event of theft, fire, or certain natural disasters. But renters insurance offers much more than just protection for your stuff. It also includes liability coverage, which can help pay for legal expenses and damages if someone is injured in your home. And if your apartment becomes uninhabitable due to a covered event, your policy can even cover the cost of temporary living arrangements.

Despite these important benefits, many young renters mistakenly believe that their landlord's insurance will cover their personal belongings. In reality, landlord policies only protect the building itself - not the individual tenant's property inside. This common misconception leaves far too many city dwellers vulnerable to devastating financial losses. With renters insurance, you can rest assured that your hard-earned possessions are protected, no matter what life in the big city throws your way.

Protecting Your NYC Apartment
From the bustling streets of Manhattan to the trendy neighborhoods of Brooklyn, New Yorkers face a variety of unique risks that threaten the safety and security of their homes. Theft and burglary are constant concerns, with over 100,000 reported property crimes in the city each year. And with so many aging buildings and aging infrastructure, the dangers of fire and water damage loom large. Just last year, a single apartment fire in the Bronx tragically claimed the lives of 17 people.

Renters insurance provides a critical safeguard against these all-too-common perils. If your apartment is burglarized, your policy can reimburse you for the cost of replacing stolen items like laptops, TVs, and jewelry. And if a devastating fire or flood leaves your home uninhabitable, your additional living expenses coverage can pay for a hotel, restaurant meals, and other costs associated with being displaced. Liability protection is also a must-have, shielding you from potentially ruinous legal battles if someone is injured in your home.

Choosing the Right Renters Insurance Policy
When it comes to selecting the right renters insurance policy, there are several key factors to consider. First and foremost, you'll need to carefully evaluate the value of your personal belongings. Take a detailed inventory of your furniture, electronics, clothing, and other valuables, and use that information to determine an appropriate coverage limit. You'll also want to carefully weigh your deductible amount, as a higher deductible can translate to a lower monthly premium.

Liability limits are another crucial consideration. Most standard policies offer between $100,000 to $300,000 in liability coverage, but you may want to consider increasing this if you have significant assets or entertain guests frequently. And don't forget to inquire about any available discounts - many insurers offer reduced rates for things like security systems, fire extinguishers, and even good credit.

Conclusion
In a city as vibrant and dynamic as New York, the risks to your home and personal belongings are ever-present. But with the right renters insurance policy in place, you can safeguard your most valuable possessions and enjoy true peace of mind. By taking the time to understand your coverage options and choosing a comprehensive plan that fits your needs and budget, you can protect your NYC apartment and everything in it. Don't wait until it's too late - explore your renters insurance options today and give yourself the financial security you deserve."